Workbook

Sheet Config
A1: rounds | B1: 3
A2: batch_size | B2: 4
A3: forest_height | B3: 2
A4: n_nodes | B4: =2^(B3+1)-1
A5: mod32 | B5: 4294967296

Sheet Helpers
A1: bit | B1: pow2
A2: 0 | B2: =POWER(2, A2)
A3: 1 | B3: =POWER(2, A3)
A4: 2 | B4: =POWER(2, A4)
A5: 3 | B5: =POWER(2, A5)
A6: 4 | B6: =POWER(2, A6)
A7: 5 | B7: =POWER(2, A7)
A8: 6 | B8: =POWER(2, A8)
A9: 7 | B9: =POWER(2, A9)
A10: 8 | B10: =POWER(2, A10)
A11: 9 | B11: =POWER(2, A11)
A12: 10 | B12: =POWER(2, A12)
A13: 11 | B13: =POWER(2, A13)
... A33: 31 | B33: =POWER(2, A33)

Sheet Hash
A1: stage | B1: op1 | C1: val1_hex | D1: val1_dec | E1: op2 | F1: op3 | G1: val3
A2: 0 | B2: + | C2: 0x7ed55d16 | D2: 2127912214 | E2: + | F2: << | G2: 12
A3: 1 | B3: ^ | C3: 0xc761c23c | D3: 3345072700 | E3: ^ | F3: >> | G3: 19
A4: 2 | B4: + | C4: 0x165667b1 | D4: 374761393 | E4: + | F4: << | G4: 5
A5: 3 | B5: + | C5: 0xd3a2646c | D5: 3550635116 | E5: ^ | F5: << | G5: 9
A6: 4 | B6: + | C6: 0xfd7046c5 | D6: 4251993797 | E6: + | F6: << | G6: 3
A7: 5 | B7: ^ | C7: 0xb55a4f09 | D7: 3042594569 | E7: ^ | F7: >> | G7: 16

Sheet Nodes
A1: idx | B1: value
A2: 0 | B2: 11
A3: 1 | B3: 22
A4: 2 | B4: 33
A5: 3 | B5: 44
A6: 4 | B6: 55
A7: 5 | B7: 66
A8: 6 | B8: 77

Sheet Inputs
A1: i | B1: idx0 | C1: val0
A2: 0 | B2: 0 | C2: 1000
A3: 1 | B3: 0 | C3: 2000
A4: 2 | B4: 0 | C4: 3000
A5: 3 | B5: 0 | C5: 4000

Sheet Rounds
A1: round | B1: i | C1: idx_in | D1: val_in | E1: node_val | F1: xor_val | G1: stage0 | H1: stage1 | I1: stage2 | J1: stage3 | K1: stage4 | L1: stage5 | M1: hashed_val | N1: next_idx | O1: wrapped_idx
A2: =INT((ROW()-2)/Config!$B$2) | B2: =MOD(ROW()-2, Config!$B$2) | C2: =IF($A2=0, INDEX(Inputs!$B$2:$B$100, $B2+1), INDEX($O:$O, ROW()-Config!$B$2)) | D2: =IF($A2=0, INDEX(Inputs!$C$2:$C$100, $B2+1), INDEX($M:$M, ROW()-Config!$B$2)) | E2: =INDEX(Nodes!$B$2:$B$100, $C2+1) | F2: =MOD(SUMPRODUCT(MOD(MOD(INT($D2/Helpers!$B$2:$B$33),2)+MOD(INT($E2/Helpers!$B$2:$B$33),2),2)*Helpers!$B$2:$B$33), Config!$B$5) | G2: =MOD(MOD($F2 + Hash!$D$2, Config!$B$5) + MOD($F2 * POWER(2, Hash!$G$2), Config!$B$5), Config!$B$5) | H2: =MOD(SUMPRODUCT(MOD(MOD(INT(SUMPRODUCT(MOD(MOD(INT($G2/Helpers!$B$2:$B$33),2)+MOD(INT(Hash!$D$3/Helpers!$B$2:$B$33),2),2)*Helpers!$B$2:$B$33)/Helpers!$B$2:$B$33),2)+MOD(INT(INT($G2/POWER(2, Hash!$G$3))/Helpers!$B$2:$B$33),2),2)*Helpers!$B$2:$B$33), Config!$B$5) | I2: =MOD(MOD($H2 + Hash!$D$4, Config!$B$5) + MOD($H2 * POWER(2, Hash!$G$4), Config!$B$5), Config!$B$5) | J2: =MOD(SUMPRODUCT(MOD(MOD(INT(MOD($I2 + Hash!$D$5, Config!$B$5)/Helpers!$B$2:$B$33),2)+MOD(INT(MOD($I2 * POWER(2, Hash!$G$5), Config!$B$5)/Helpers!$B$2:$B$33),2),2)*Helpers!$B$2:$B$33), Config!$B$5) | K2: =MOD(MOD($J2 + Hash!$D$6, Config!$B$5) + MOD($J2 * POWER(2, Hash!$G$6), Config!$B$5), Config!$B$5) | L2: =MOD(SUMPRODUCT(MOD(MOD(INT(SUMPRODUCT(MOD(MOD(INT($K2/Helpers!$B$2:$B$33),2)+MOD(INT(Hash!$D$7/Helpers!$B$2:$B$33),2),2)*Helpers!$B$2:$B$33)/Helpers!$B$2:$B$33),2)+MOD(INT(INT($K2/POWER(2, Hash!$G$7))/Helpers!$B$2:$B$33),2),2)*Helpers!$B$2:$B$33), Config!$B$5) | M2: =$L2 | N2: =2*$C2 + IF(MOD($M2, 2)=0, 1, 2) | O2: =IF($N2 >= Config!$B$4, 0, $N2)
A3: =INT((ROW()-2)/Config!$B$2) | B3: =MOD(ROW()-2, Config!$B$2) | C3: =IF($A3=0, INDEX(Inputs!$B$2:$B$100, $B3+1), INDEX($O:$O, ROW()-Config!$B$2)) | D3: =IF($A3=0, INDEX(Inputs!$C$2:$C$100, $B3+1), INDEX($M:$M, ROW()-Config!$B$2)) | E3: =INDEX(Nodes!$B$2:$B$100, $C3+1) | F3: =MOD(SUMPRODUCT(MOD(MOD(INT($D3/Helpers!$B$2:$B$33),2)+MOD(INT($E3/Helpers!$B$2:$B$33),2),2)*Helpers!$B$2:$B$33), Config!$B$5) | G3: =MOD(MOD($F3 + Hash!$D$2, Config!$B$5) + MOD($F3 * POWER(2, Hash!$G$2), Config!$B$5), Config!$B$5) | H3: =MOD(SUMPRODUCT(MOD(MOD(INT(SUMPRODUCT(MOD(MOD(INT($G3/Helpers!$B$2:$B$33),2)+MOD(INT(Hash!$D$3/Helpers!$B$2:$B$33),2),2)*Helpers!$B$2:$B$33)/Helpers!$B$2:$B$33),2)+MOD(INT(INT($G3/POWER(2, Hash!$G$3))/Helpers!$B$2:$B$33),2),2)*Helpers!$B$2:$B$33), Config!$B$5) | I3: =MOD(MOD($H3 + Hash!$D$4, Config!$B$5) + MOD($H3 * POWER(2, Hash!$G$4), Config!$B$5), Config!$B$5) | J3: =MOD(SUMPRODUCT(MOD(MOD(INT(MOD($I3 + Hash!$D$5, Config!$B$5)/Helpers!$B$2:$B$33),2)+MOD(INT(MOD($I3 * POWER(2, Hash!$G$5), Config!$B$5)/Helpers!$B$2:$B$33),2),2)*Helpers!$B$2:$B$33), Config!$B$5) | K3: =MOD(MOD($J3 + Hash!$D$6, Config!$B$5) + MOD($J3 * POWER(2, Hash!$G$6), Config!$B$5), Config!$B$5) | L3: =MOD(SUMPRODUCT(MOD(MOD(INT(SUMPRODUCT(MOD(MOD(INT($K3/Helpers!$B$2:$B$33),2)+MOD(INT(Hash!$D$7/Helpers!$B$2:$B$33),2),2)*Helpers!$B$2:$B$33)/Helpers!$B$2:$B$33),2)+MOD(INT(INT($K3/POWER(2, Hash!$G$7))/Helpers!$B$2:$B$33),2),2)*Helpers!$B$2:$B$33), Config!$B$5) | M3: =$L3 | N3: =2*$C3 + IF(MOD($M3, 2)=0, 1, 2) | O3: =IF($N3 >= Config!$B$4, 0, $N3)
A4: =INT((ROW()-2)/Config!$B$2) | B4: =MOD(ROW()-2, Config!$B$2) | C4: =IF($A4=0, INDEX(Inputs!$B$2:$B$100, $B4+1), INDEX($O:$O, ROW()-Config!$B$2)) | D4: =IF($A4=0, INDEX(Inputs!$C$2:$C$100, $B4+1), INDEX($M:$M, ROW()-Config!$B$2)) | E4: =INDEX(Nodes!$B$2:$B$100, $C4+1) | F4: =MOD(SUMPRODUCT(MOD(MOD(INT($D4/Helpers!$B$2:$B$33),2)+MOD(INT($E4/Helpers!$B$2:$B$33),2),2)*Helpers!$B$2:$B$33), Config!$B$5) | G4: =MOD(MOD($F4 + Hash!$D$2, Config!$B$5) + MOD($F4 * POWER(2, Hash!$G$2), Config!$B$5), Config!$B$5) | H4: =MOD(SUMPRODUCT(MOD(MOD(INT(SUMPRODUCT(MOD(MOD(INT($G4/Helpers!$B$2:$B$33),2)+MOD(INT(Hash!$D$3/Helpers!$B$2:$B$33),2),2)*Helpers!$B$2:$B$33)/Helpers!$B$2:$B$33),2)+MOD(INT(INT($G4/POWER(2, Hash!$G$3))/Helpers!$B$2:$B$33),2),2)*Helpers!$B$2:$B$33), Config!$B$5) | I4: =MOD(MOD($H4 + Hash!$D$4, Config!$B$5) + MOD($H4 * POWER(2, Hash!$G$4), Config!$B$5), Config!$B$5) | J4: =MOD(SUMPRODUCT(MOD(MOD(INT(MOD($I4 + Hash!$D$5, Config!$B$5)/Helpers!$B$2:$B$33),2)+MOD(INT(MOD($I4 * POWER(2, Hash!$G$5), Config!$B$5)/Helpers!$B$2:$B$33),2),2)*Helpers!$B$2:$B$33), Config!$B$5) | K4: =MOD(MOD($J4 + Hash!$D$6, Config!$B$5) + MOD($J4 * POWER(2, Hash!$G$6), Config!$B$5), Config!$B$5) | L4: =MOD(SUMPRODUCT(MOD(MOD(INT(SUMPRODUCT(MOD(MOD(INT($K4/Helpers!$B$2:$B$33),2)+MOD(INT(Hash!$D$7/Helpers!$B$2:$B$33),2),2)*Helpers!$B$2:$B$33)/Helpers!$B$2:$B$33),2)+MOD(INT(INT($K4/POWER(2, Hash!$G$7))/Helpers!$B$2:$B$33),2),2)*Helpers!$B$2:$B$33), Config!$B$5) | M4: =$L4 | N4: =2*$C4 + IF(MOD($M4, 2)=0, 1, 2) | O4: =IF($N4 >= Config!$B$4, 0, $N4)
A5: =INT((ROW()-2)/Config!$B$2) | B5: =MOD(ROW()-2, Config!$B$2) | C5: =IF($A5=0, INDEX(Inputs!$B$2:$B$100, $B5+1), INDEX($O:$O, ROW()-Config!$B$2)) | D5: =IF($A5=0, INDEX(Inputs!$C$2:$C$100, $B5+1), INDEX($M:$M, ROW()-Config!$B$2)) | E5: =INDEX(Nodes!$B$2:$B$100, $C5+1) | F5: =MOD(SUMPRODUCT(MOD(MOD(INT($D5/Helpers!$B$2:$B$33),2)+MOD(INT($E5/Helpers!$B$2:$B$33),2),2)*Helpers!$B$2:$B$33), Config!$B$5) | G5: =MOD(MOD($F5 + Hash!$D$2, Config!$B$5) + MOD($F5 * POWER(2, Hash!$G$2), Config!$B$5), Config!$B$5) | H5: =MOD(SUMPRODUCT(MOD(MOD(INT(SUMPRODUCT(MOD(MOD(INT($G5/Helpers!$B$2:$B$33),2)+MOD(INT(Hash!$D$3/Helpers!$B$2:$B$33),2),2)*Helpers!$B$2:$B$33)/Helpers!$B$2:$B$33),2)+MOD(INT(INT($G5/POWER(2, Hash!$G$3))/Helpers!$B$2:$B$33),2),2)*Helpers!$B$2:$B$33), Config!$B$5) | I5: =MOD(MOD($H5 + Hash!$D$4, Config!$B$5) + MOD($H5 * POWER(2, Hash!$G$4), Config!$B$5), Config!$B$5) | J5: =MOD(SUMPRODUCT(MOD(MOD(INT(MOD($I5 + Hash!$D$5, Config!$B$5)/Helpers!$B$2:$B$33),2)+MOD(INT(MOD($I5 * POWER(2, Hash!$G$5), Config!$B$5)/Helpers!$B$2:$B$33),2),2)*Helpers!$B$2:$B$33), Config!$B$5) | K5: =MOD(MOD($J5 + Hash!$D$6, Config!$B$5) + MOD($J5 * POWER(2, Hash!$G$6), Config!$B$5), Config!$B$5) | L5: =MOD(SUMPRODUCT(MOD(MOD(INT(SUMPRODUCT(MOD(MOD(INT($K5/Helpers!$B$2:$B$33),2)+MOD(INT(Hash!$D$7/Helpers!$B$2:$B$33),2),2)*Helpers!$B$2:$B$33)/Helpers!$B$2:$B$33),2)+MOD(INT(INT($K5/POWER(2, Hash!$G$7))/Helpers!$B$2:$B$33),2),2)*Helpers!$B$2:$B$33), Config!$B$5) | M5: =$L5 | N5: =2*$C5 + IF(MOD($M5, 2)=0, 1, 2) | O5: =IF($N5 >= Config!$B$4, 0, $N5)
A6: =INT((ROW()-2)/Config!$B$2) | B6: =MOD(ROW()-2, Config!$B$2) | C6: =IF($A6=0, INDEX(Inputs!$B$2:$B$100, $B6+1), INDEX($O:$O, ROW()-Config!$B$2)) | D6: =IF($A6=0, INDEX(Inputs!$C$2:$C$100, $B6+1), INDEX($M:$M, ROW()-Config!$B$2)) | E6: =INDEX(Nodes!$B$2:$B$100, $C6+1) | F6: =MOD(SUMPRODUCT(MOD(MOD(INT($D6/Helpers!$B$2:$B$33),2)+MOD(INT($E6/Helpers!$B$2:$B$33),2),2)*Helpers!$B$2:$B$33), Config!$B$5) | G6: =MOD(MOD($F6 + Hash!$D$2, Config!$B$5) + MOD($F6 * POWER(2, Hash!$G$2), Config!$B$5), Config!$B$5) | H6: =MOD(SUMPRODUCT(MOD(MOD(INT(SUMPRODUCT(MOD(MOD(INT($G6/Helpers!$B$2:$B$33),2)+MOD(INT(Hash!$D$3/Helpers!$B$2:$B$33),2),2)*Helpers!$B$2:$B$33)/Helpers!$B$2:$B$33),2)+MOD(INT(INT($G6/POWER(2, Hash!$G$3))/Helpers!$B$2:$B$33),2),2)*Helpers!$B$2:$B$33), Config!$B$5) | I6: =MOD(MOD($H6 + Hash!$D$4, Config!$B$5) + MOD($H6 * POWER(2, Hash!$G$4), Config!$B$5), Config!$B$5) | J6: =MOD(SUMPRODUCT(MOD(MOD(INT(MOD($I6 + Hash!$D$5, Config!$B$5)/Helpers!$B$2:$B$33),2)+MOD(INT(MOD($I6 * POWER(2, Hash!$G$5), Config!$B$5)/Helpers!$B$2:$B$33),2),2)*Helpers!$B$2:$B$33), Config!$B$5) | K6: =MOD(MOD($J6 + Hash!$D$6, Config!$B$5) + MOD($J6 * POWER(2, Hash!$G$6), Config!$B$5), Config!$B$5) | L6: =MOD(SUMPRODUCT(MOD(MOD(INT(SUMPRODUCT(MOD(MOD(INT($K6/Helpers!$B$2:$B$33),2)+MOD(INT(Hash!$D$7/Helpers!$B$2:$B$33),2),2)*Helpers!$B$2:$B$33)/Helpers!$B$2:$B$33),2)+MOD(INT(INT($K6/POWER(2, Hash!$G$7))/Helpers!$B$2:$B$33),2),2)*Helpers!$B$2:$B$33), Config!$B$5) | M6: =$L6 | N6: =2*$C6 + IF(MOD($M6, 2)=0, 1, 2) | O6: =IF($N6 >= Config!$B$4, 0, $N6)
A7: =INT((ROW()-2)/Config!$B$2) | B7: =MOD(ROW()-2, Config!$B$2) | C7: =IF($A7=0, INDEX(Inputs!$B$2:$B$100, $B7+1), INDEX($O:$O, ROW()-Config!$B$2)) | D7: =IF($A7=0, INDEX(Inputs!$C$2:$C$100, $B7+1), INDEX($M:$M, ROW()-Config!$B$2)) | E7: =INDEX(Nodes!$B$2:$B$100, $C7+1) | F7: =MOD(SUMPRODUCT(MOD(MOD(INT($D7/Helpers!$B$2:$B$33),2)+MOD(INT($E7/Helpers!$B$2:$B$33),2),2)*Helpers!$B$2:$B$33), Config!$B$5) | G7: =MOD(MOD($F7 + Hash!$D$2, Config!$B$5) + MOD($F7 * POWER(2, Hash!$G$2), Config!$B$5), Config!$B$5) | H7: =MOD(SUMPRODUCT(MOD(MOD(INT(SUMPRODUCT(MOD(MOD(INT($G7/Helpers!$B$2:$B$33),2)+MOD(INT(Hash!$D$3/Helpers!$B$2:$B$33),2),2)*Helpers!$B$2:$B$33)/Helpers!$B$2:$B$33),2)+MOD(INT(INT($G7/POWER(2, Hash!$G$3))/Helpers!$B$2:$B$33),2),2)*Helpers!$B$2:$B$33), Config!$B$5) | I7: =MOD(MOD($H7 + Hash!$D$4, Config!$B$5) + MOD($H7 * POWER(2, Hash!$G$4), Config!$B$5), Config!$B$5) | J7: =MOD(SUMPRODUCT(MOD(MOD(INT(MOD($I7 + Hash!$D$5, Config!$B$5)/Helpers!$B$2:$B$33),2)+MOD(INT(MOD($I7 * POWER(2, Hash!$G$5), Config!$B$5)/Helpers!$B$2:$B$33),2),2)*Helpers!$B$2:$B$33), Config!$B$5) | K7: =MOD(MOD($J7 + Hash!$D$6, Config!$B$5) + MOD($J7 * POWER(2, Hash!$G$6), Config!$B$5), Config!$B$5) | L7: =MOD(SUMPRODUCT(MOD(MOD(INT(SUMPRODUCT(MOD(MOD(INT($K7/Helpers!$B$2:$B$33),2)+MOD(INT(Hash!$D$7/Helpers!$B$2:$B$33),2),2)*Helpers!$B$2:$B$33)/Helpers!$B$2:$B$33),2)+MOD(INT(INT($K7/POWER(2, Hash!$G$7))/Helpers!$B$2:$B$33),2),2)*Helpers!$B$2:$B$33), Config!$B$5) | M7: =$L7 | N7: =2*$C7 + IF(MOD($M7, 2)=0, 1, 2) | O7: =IF($N7 >= Config!$B$4, 0, $N7)
A8: =INT((ROW()-2)/Config!$B$2) | B8: =MOD(ROW()-2, Config!$B$2) | C8: =IF($A8=0, INDEX(Inputs!$B$2:$B$100, $B8+1), INDEX($O:$O, ROW()-Config!$B$2)) | D8: =IF($A8=0, INDEX(Inputs!$C$2:$C$100, $B8+1), INDEX($M:$M, ROW()-Config!$B$2)) | E8: =INDEX(Nodes!$B$2:$B$100, $C8+1) | F8: =MOD(SUMPRODUCT(MOD(MOD(INT($D8/Helpers!$B$2:$B$33),2)+MOD(INT($E8/Helpers!$B$2:$B$33),2),2)*Helpers!$B$2:$B$33), Config!$B$5) | G8: =MOD(MOD($F8 + Hash!$D$2, Config!$B$5) + MOD($F8 * POWER(2, Hash!$G$2), Config!$B$5), Config!$B$5) | H8: =MOD(SUMPRODUCT(MOD(MOD(INT(SUMPRODUCT(MOD(MOD(INT($G8/Helpers!$B$2:$B$33),2)+MOD(INT(Hash!$D$3/Helpers!$B$2:$B$33),2),2)*Helpers!$B$2:$B$33)/Helpers!$B$2:$B$33),2)+MOD(INT(INT($G8/POWER(2, Hash!$G$3))/Helpers!$B$2:$B$33),2),2)*Helpers!$B$2:$B$33), Config!$B$5) | I8: =MOD(MOD($H8 + Hash!$D$4, Config!$B$5) + MOD($H8 * POWER(2, Hash!$G$4), Config!$B$5), Config!$B$5) | J8: =MOD(SUMPRODUCT(MOD(MOD(INT(MOD($I8 + Hash!$D$5, Config!$B$5)/Helpers!$B$2:$B$33),2)+MOD(INT(MOD($I8 * POWER(2, Hash!$G$5), Config!$B$5)/Helpers!$B$2:$B$33),2),2)*Helpers!$B$2:$B$33), Config!$B$5) | K8: =MOD(MOD($J8 + Hash!$D$6, Config!$B$5) + MOD($J8 * POWER(2, Hash!$G$6), Config!$B$5), Config!$B$5) | L8: =MOD(SUMPRODUCT(MOD(MOD(INT(SUMPRODUCT(MOD(MOD(INT($K8/Helpers!$B$2:$B$33),2)+MOD(INT(Hash!$D$7/Helpers!$B$2:$B$33),2),2)*Helpers!$B$2:$B$33)/Helpers!$B$2:$B$33),2)+MOD(INT(INT($K8/POWER(2, Hash!$G$7))/Helpers!$B$2:$B$33),2),2)*Helpers!$B$2:$B$33), Config!$B$5) | M8: =$L8 | N8: =2*$C8 + IF(MOD($M8, 2)=0, 1, 2) | O8: =IF($N8 >= Config!$B$4, 0, $N8)
A9: =INT((ROW()-2)/Config!$B$2) | B9: =MOD(ROW()-2, Config!$B$2) | C9: =IF($A9=0, INDEX(Inputs!$B$2:$B$100, $B9+1), INDEX($O:$O, ROW()-Config!$B$2)) | D9: =IF($A9=0, INDEX(Inputs!$C$2:$C$100, $B9+1), INDEX($M:$M, ROW()-Config!$B$2)) | E9: =INDEX(Nodes!$B$2:$B$100, $C9+1) | F9: =MOD(SUMPRODUCT(MOD(MOD(INT($D9/Helpers!$B$2:$B$33),2)+MOD(INT($E9/Helpers!$B$2:$B$33),2),2)*Helpers!$B$2:$B$33), Config!$B$5) | G9: =MOD(MOD($F9 + Hash!$D$2, Config!$B$5) + MOD($F9 * POWER(2, Hash!$G$2), Config!$B$5), Config!$B$5) | H9: =MOD(SUMPRODUCT(MOD(MOD(INT(SUMPRODUCT(MOD(MOD(INT($G9/Helpers!$B$2:$B$33),2)+MOD(INT(Hash!$D$3/Helpers!$B$2:$B$33),2),2)*Helpers!$B$2:$B$33)/Helpers!$B$2:$B$33),2)+MOD(INT(INT($G9/POWER(2, Hash!$G$3))/Helpers!$B$2:$B$33),2),2)*Helpers!$B$2:$B$33), Config!$B$5) | I9: =MOD(MOD($H9 + Hash!$D$4, Config!$B$5) + MOD($H9 * POWER(2, Hash!$G$4), Config!$B$5), Config!$B$5) | J9: =MOD(SUMPRODUCT(MOD(MOD(INT(MOD($I9 + Hash!$D$5, Config!$B$5)/Helpers!$B$2:$B$33),2)+MOD(INT(MOD($I9 * POWER(2, Hash!$G$5), Config!$B$5)/Helpers!$B$2:$B$33),2),2)*Helpers!$B$2:$B$33), Config!$B$5) | K9: =MOD(MOD($J9 + Hash!$D$6, Config!$B$5) + MOD($J9 * POWER(2, Hash!$G$6), Config!$B$5), Config!$B$5) | L9: =MOD(SUMPRODUCT(MOD(MOD(INT(SUMPRODUCT(MOD(MOD(INT($K9/Helpers!$B$2:$B$33),2)+MOD(INT(Hash!$D$7/Helpers!$B$2:$B$33),2),2)*Helpers!$B$2:$B$33)/Helpers!$B$2:$B$33),2)+MOD(INT(INT($K9/POWER(2, Hash!$G$7))/Helpers!$B$2:$B$33),2),2)*Helpers!$B$2:$B$33), Config!$B$5) | M9: =$L9 | N9: =2*$C9 + IF(MOD($M9, 2)=0, 1, 2) | O9: =IF($N9 >= Config!$B$4, 0, $N9)
A10: =INT((ROW()-2)/Config!$B$2) | B10: =MOD(ROW()-2, Config!$B$2) | C10: =IF($A10=0, INDEX(Inputs!$B$2:$B$100, $B10+1), INDEX($O:$O, ROW()-Config!$B$2)) | D10: =IF($A10=0, INDEX(Inputs!$C$2:$C$100, $B10+1), INDEX($M:$M, ROW()-Config!$B$2)) | E10: =INDEX(Nodes!$B$2:$B$100, $C10+1) | F10: =MOD(SUMPRODUCT(MOD(MOD(INT($D10/Helpers!$B$2:$B$33),2)+MOD(INT($E10/Helpers!$B$2:$B$33),2),2)*Helpers!$B$2:$B$33), Config!$B$5) | G10: =MOD(MOD($F10 + Hash!$D$2, Config!$B$5) + MOD($F10 * POWER(2, Hash!$G$2), Config!$B$5), Config!$B$5) | H10: =MOD(SUMPRODUCT(MOD(MOD(INT(SUMPRODUCT(MOD(MOD(INT($G10/Helpers!$B$2:$B$33),2)+MOD(INT(Hash!$D$3/Helpers!$B$2:$B$33),2),2)*Helpers!$B$2:$B$33)/Helpers!$B$2:$B$33),2)+MOD(INT(INT($G10/POWER(2, Hash!$G$3))/Helpers!$B$2:$B$33),2),2)*Helpers!$B$2:$B$33), Config!$B$5) | I10: =MOD(MOD($H10 + Hash!$D$4, Config!$B$5) + MOD($H10 * POWER(2, Hash!$G$4), Config!$B$5), Config!$B$5) | J10: =MOD(SUMPRODUCT(MOD(MOD(INT(MOD($I10 + Hash!$D$5, Config!$B$5)/Helpers!$B$2:$B$33),2)+MOD(INT(MOD($I10 * POWER(2, Hash!$G$5), Config!$B$5)/Helpers!$B$2:$B$33),2),2)*Helpers!$B$2:$B$33), Config!$B$5) | K10: =MOD(MOD($J10 + Hash!$D$6, Config!$B$5) + MOD($J10 * POWER(2, Hash!$G$6), Config!$B$5), Config!$B$5) | L10: =MOD(SUMPRODUCT(MOD(MOD(INT(SUMPRODUCT(MOD(MOD(INT($K10/Helpers!$B$2:$B$33),2)+MOD(INT(Hash!$D$7/Helpers!$B$2:$B$33),2),2)*Helpers!$B$2:$B$33)/Helpers!$B$2:$B$33),2)+MOD(INT(INT($K10/POWER(2, Hash!$G$7))/Helpers!$B$2:$B$33),2),2)*Helpers!$B$2:$B$33), Config!$B$5) | M10: =$L10 | N10: =2*$C10 + IF(MOD($M10, 2)=0, 1, 2) | O10: =IF($N10 >= Config!$B$4, 0, $N10)
A11: =INT((ROW()-2)/Config!$B$2) | B11: =MOD(ROW()-2, Config!$B$2) | C11: =IF($A11=0, INDEX(Inputs!$B$2:$B$100, $B11+1), INDEX($O:$O, ROW()-Config!$B$2)) | D11: =IF($A11=0, INDEX(Inputs!$C$2:$C$100, $B11+1), INDEX($M:$M, ROW()-Config!$B$2)) | E11: =INDEX(Nodes!$B$2:$B$100, $C11+1) | F11: =MOD(SUMPRODUCT(MOD(MOD(INT($D11/Helpers!$B$2:$B$33),2)+MOD(INT($E11/Helpers!$B$2:$B$33),2),2)*Helpers!$B$2:$B$33), Config!$B$5) | G11: =MOD(MOD($F11 + Hash!$D$2, Config!$B$5) + MOD($F11 * POWER(2, Hash!$G$2), Config!$B$5), Config!$B$5) | H11: =MOD(SUMPRODUCT(MOD(MOD(INT(SUMPRODUCT(MOD(MOD(INT($G11/Helpers!$B$2:$B$33),2)+MOD(INT(Hash!$D$3/Helpers!$B$2:$B$33),2),2)*Helpers!$B$2:$B$33)/Helpers!$B$2:$B$33),2)+MOD(INT(INT($G11/POWER(2, Hash!$G$3))/Helpers!$B$2:$B$33),2),2)*Helpers!$B$2:$B$33), Config!$B$5) | I11: =MOD(MOD($H11 + Hash!$D$4, Config!$B$5) + MOD($H11 * POWER(2, Hash!$G$4), Config!$B$5), Config!$B$5) | J11: =MOD(SUMPRODUCT(MOD(MOD(INT(MOD($I11 + Hash!$D$5, Config!$B$5)/Helpers!$B$2:$B$33),2)+MOD(INT(MOD($I11 * POWER(2, Hash!$G$5), Config!$B$5)/Helpers!$B$2:$B$33),2),2)*Helpers!$B$2:$B$33), Config!$B$5) | K11: =MOD(MOD($J11 + Hash!$D$6, Config!$B$5) + MOD($J11 * POWER(2, Hash!$G$6), Config!$B$5), Config!$B$5) | L11: =MOD(SUMPRODUCT(MOD(MOD(INT(SUMPRODUCT(MOD(MOD(INT($K11/Helpers!$B$2:$B$33),2)+MOD(INT(Hash!$D$7/Helpers!$B$2:$B$33),2),2)*Helpers!$B$2:$B$33)/Helpers!$B$2:$B$33),2)+MOD(INT(INT($K11/POWER(2, Hash!$G$7))/Helpers!$B$2:$B$33),2),2)*Helpers!$B$2:$B$33), Config!$B$5) | M11: =$L11 | N11: =2*$C11 + IF(MOD($M11, 2)=0, 1, 2) | O11: =IF($N11 >= Config!$B$4, 0, $N11)
A12: =INT((ROW()-2)/Config!$B$2) | B12: =MOD(ROW()-2, Config!$B$2) | C12: =IF($A12=0, INDEX(Inputs!$B$2:$B$100, $B12+1), INDEX($O:$O, ROW()-Config!$B$2)) | D12: =IF($A12=0, INDEX(Inputs!$C$2:$C$100, $B12+1), INDEX($M:$M, ROW()-Config!$B$2)) | E12: =INDEX(Nodes!$B$2:$B$100, $C12+1) | F12: =MOD(SUMPRODUCT(MOD(MOD(INT($D12/Helpers!$B$2:$B$33),2)+MOD(INT($E12/Helpers!$B$2:$B$33),2),2)*Helpers!$B$2:$B$33), Config!$B$5) | G12: =MOD(MOD($F12 + Hash!$D$2, Config!$B$5) + MOD($F12 * POWER(2, Hash!$G$2), Config!$B$5), Config!$B$5) | H12: =MOD(SUMPRODUCT(MOD(MOD(INT(SUMPRODUCT(MOD(MOD(INT($G12/Helpers!$B$2:$B$33),2)+MOD(INT(Hash!$D$3/Helpers!$B$2:$B$33),2),2)*Helpers!$B$2:$B$33)/Helpers!$B$2:$B$33),2)+MOD(INT(INT($G12/POWER(2, Hash!$G$3))/Helpers!$B$2:$B$33),2),2)*Helpers!$B$2:$B$33), Config!$B$5) | I12: =MOD(MOD($H12 + Hash!$D$4, Config!$B$5) + MOD($H12 * POWER(2, Hash!$G$4), Config!$B$5), Config!$B$5) | J12: =MOD(SUMPRODUCT(MOD(MOD(INT(MOD($I12 + Hash!$D$5, Config!$B$5)/Helpers!$B$2:$B$33),2)+MOD(INT(MOD($I12 * POWER(2, Hash!$G$5), Config!$B$5)/Helpers!$B$2:$B$33),2),2)*Helpers!$B$2:$B$33), Config!$B$5) | K12: =MOD(MOD($J12 + Hash!$D$6, Config!$B$5) + MOD($J12 * POWER(2, Hash!$G$6), Config!$B$5), Config!$B$5) | L12: =MOD(SUMPRODUCT(MOD(MOD(INT(SUMPRODUCT(MOD(MOD(INT($K12/Helpers!$B$2:$B$33),2)+MOD(INT(Hash!$D$7/Helpers!$B$2:$B$33),2),2)*Helpers!$B$2:$B$33)/Helpers!$B$2:$B$33),2)+MOD(INT(INT($K12/POWER(2, Hash!$G$7))/Helpers!$B$2:$B$33),2),2)*Helpers!$B$2:$B$33), Config!$B$5) | M12: =$L12 | N12: =2*$C12 + IF(MOD($M12, 2)=0, 1, 2) | O12: =IF($N12 >= Config!$B$4, 0, $N12)
A13: =INT((ROW()-2)/Config!$B$2) | B13: =MOD(ROW()-2, Config!$B$2) | C13: =IF($A13=0, INDEX(Inputs!$B$2:$B$100, $B13+1), INDEX($O:$O, ROW()-Config!$B$2)) | D13: =IF($A13=0, INDEX(Inputs!$C$2:$C$100, $B13+1), INDEX($M:$M, ROW()-Config!$B$2)) | E13: =INDEX(Nodes!$B$2:$B$100, $C13+1) | F13: =MOD(SUMPRODUCT(MOD(MOD(INT($D13/Helpers!$B$2:$B$33),2)+MOD(INT($E13/Helpers!$B$2:$B$33),2),2)*Helpers!$B$2:$B$33), Config!$B$5) | G13: =MOD(MOD($F13 + Hash!$D$2, Config!$B$5) + MOD($F13 * POWER(2, Hash!$G$2), Config!$B$5), Config!$B$5) | H13: =MOD(SUMPRODUCT(MOD(MOD(INT(SUMPRODUCT(MOD(MOD(INT($G13/Helpers!$B$2:$B$33),2)+MOD(INT(Hash!$D$3/Helpers!$B$2:$B$33),2),2)*Helpers!$B$2:$B$33)/Helpers!$B$2:$B$33),2)+MOD(INT(INT($G13/POWER(2, Hash!$G$3))/Helpers!$B$2:$B$33),2),2)*Helpers!$B$2:$B$33), Config!$B$5) | I13: =MOD(MOD($H13 + Hash!$D$4, Config!$B$5) + MOD($H13 * POWER(2, Hash!$G$4), Config!$B$5), Config!$B$5) | J13: =MOD(SUMPRODUCT(MOD(MOD(INT(MOD($I13 + Hash!$D$5, Config!$B$5)/Helpers!$B$2:$B$33),2)+MOD(INT(MOD($I13 * POWER(2, Hash!$G$5), Config!$B$5)/Helpers!$B$2:$B$33),2),2)*Helpers!$B$2:$B$33), Config!$B$5) | K13: =MOD(MOD($J13 + Hash!$D$6, Config!$B$5) + MOD($J13 * POWER(2, Hash!$G$6), Config!$B$5), Config!$B$5) | L13: =MOD(SUMPRODUCT(MOD(MOD(INT(SUMPRODUCT(MOD(MOD(INT($K13/Helpers!$B$2:$B$33),2)+MOD(INT(Hash!$D$7/Helpers!$B$2:$B$33),2),2)*Helpers!$B$2:$B$33)/Helpers!$B$2:$B$33),2)+MOD(INT(INT($K13/POWER(2, Hash!$G$7))/Helpers!$B$2:$B$33),2),2)*Helpers!$B$2:$B$33), Config!$B$5) | M13: =$L13 | N13: =2*$C13 + IF(MOD($M13, 2)=0, 1, 2) | O13: =IF($N13 >= Config!$B$4, 0, $N13)
